0x25d98487dd1,Grade 5
0x17a7f2d4edfe,Grade 4
0x25d98487e9d,Grade 4
0x25d984880f7,Grade 4
0x25d9848815a,Grade 4
0x25d98488348,Grade 5
0x17a7f2d52897,Grade 4
0x25d984886d1,Grade 4
0x17a7f2d547d6,Grade 4
0x17a7f2d5483a,Grade 4
0x25d98488796,Grade 4
0x25d984887fb,Grade 4
0x17a7f2d55777,Grade 5
0x17a7f2d55b5e,Grade 4
0x25d98dfc0e3,Grade 5
0x25d9848898f,Grade 4
0x25d984889f1,Grade 5
0x25d984889f7,Grade 4
0x25d98488a50,Grade 4
0x25d98488a5c,Grade 4
0x17a7f2d576b6,Grade 4
0x25d98488ca8,Grade 4
0x25d98488d6f,Grade 4
0x25d984890fa,Grade 4
0x25d98489223,Grade 5
0x25d984893b6,Grade 5
0x17a7f2d5c922,Grade 4
0x17a7f2d5d477,Grade 4
0x25d984896cf,Grade 4
0x25d9848973b,Grade 4
0x25d984898c8,Grade 5
0x17a7f2d5ff6e,Grade 4
0x17a7f2d612f6,Grade 4
0x17a7f2d616de,Grade 4
0x25d98489d7b,Grade 4
0x17a7f2d62a67,Grade 5
0x25d98489f0b,Grade 4
0x25d9848a037,Grade 4
0x25d9848a093,Grade 4
0x25d9848a161,Grade 4
0x25d9848a2ef,Grade 4
0x25d9848a3b3,Grade 4
0x25d9848a4e0,Grade 4
0x25d9848a549,Grade 5
0x25d9848a5a7,Grade 5
0x17a7f2d67c6e,Grade 4
0x25d9848a66f,Grade 4
0x25d9848a6d7,Grade 5
0x25d9848a737,Grade 4
0x25d9848d1d3,Grade 5
0x25d9848a98f,Grade 5
0x25d9848aa5c,Grade 4
0x25d9848ab20,Grade 4
0x25d9848ab82,Grade 5
0x25d9848abeb,Grade 4
0x25d9848ade9,Grade 5
0x25d9848ae43,Grade 4
0x25d9848aead,Grade 5
0x25d9848af0a,Grade 4
0x25d9848afe0,Grade 4
0x25d9848b03a,Grade 5
0x25d9848b165,Grade 4
0x25d9848b2f2,Grade 4
0x25d9848b4e2,Grade 4
0x25d9848b5b3,Grade 4
0x25d9848b73c,Grade 4
0x25d9848b994,Grade 4
0x25d9848ba5a,Grade 4
0x25d9848bb23,Grade 4
0x25d9848bb8e,Grade 4
0x25d9848bcbe,Grade 4
0x25d9848bd7a,Grade 4
0x17a7f2d76ab7,Grade 5
0x25d9848c03b,Grade 4
0x25d9848c0a2,Grade 5
0x25d9848c290,Grade 5
0x17a7f2d7a54e,Grade 4
0x25d9848c427,Grade 5
0x25d9848c488,Grade 4
0x25d9848c5b0,Grade 5
0x25d9848c619,Grade 4
0x25d9848c6da,Grade 4
0x25d9848c745,Grade 4
0x25d9848c93b,Grade 5
0x25d9848ca03,Grade 4
0x17a7f2d7f36f,Grade 5
0x17a7f2d7ff27,Grade 5
0x25d9848cd1e,Grade 5
0x25d9848cde9,Grade 5
0x25d9848cf0f,Grade 5
0x25d9848d0a2,Grade 5
0x17a7f2d82e06,Grade 4
0x25d9848d360,Grade 5
0x25d9848d551,Grade 4
0x25d9848d5b7,Grade 5
0x25d9848d8da,Grade 4
0x17a7f2d87c27,Grade 4
0x25d9848d99d,Grade 4
0x17a7f2d88bc6,Grade 4
0x25d9848db2a,Grade 4
0x17a7f2d89396,Grade 4
0x17a7f2d8977f,Grade 4
0x25d9848dc59,Grade 5
0x25d9848dd1f,Grade 4
0x17a7f2d8ab07,Grade 4
0x17a7f2d8b2d6,Grade 4
0x25d9848df79,Grade 5
0x17a7f2d8c65f,Grade 5
0x17a7f2d8ca46,Grade 5
0x25d9848e170,Grade 5
0x25d98de00d6,Grade 4
0x25d9849fef6,Grade 3
0x17a7f2e40d16,Grade 4
0x25d984a027c,Grade 4
0x25d984a0347,Grade 5
